TARGET_B,TARGET_D,CONTROL_NUMBER,MONTHS_SINCE_ORIGIN,DONOR_AGE,IN_HOUSE,URBANICITY,SES,CLUSTER_CODE,HOME_OWNER,DONOR_GENDER,INCOME_GROUP,PUBLISHED_PHONE,OVERLAY_SOURCE,MOR_HIT_RATE,WEALTH_RATING,MEDIAN_HOME_VALUE,MEDIAN_HOUSEHOLD_INCOME,PCT_OWNER_OCCUPIED,PER_CAPITA_INCOME,PCT_ATTRIBUTE1,PCT_ATTRIBUTE2,PCT_ATTRIBUTE3,PCT_ATTRIBUTE4,PEP_STAR,RECENT_STAR_STATUS,RECENCY_STATUS_96NK,FREQUENCY_STATUS_97NK,RECENT_RESPONSE_PROP,RECENT_AVG_GIFT_AMT,RECENT_CARD_RESPONSE_PROP,RECENT_AVG_CARD_GIFT_AMT,RECENT_RESPONSE_COUNT,RECENT_CARD_RESPONSE_COUNT,MONTHS_SINCE_LAST_PROM_RESP,LIFETIME_CARD_PROM,LIFETIME_PROM,LIFETIME_GIFT_AMOUNT,LIFETIME_GIFT_COUNT,LIFETIME_AVG_GIFT_AMT,LIFETIME_GIFT_RANGE,LIFETIME_MAX_GIFT_AMT,LIFETIME_MIN_GIFT_AMT,LAST_GIFT_AMT,CARD_PROM_12,NUMBER_PROM_12,MONTHS_SINCE_LAST_GIFT,MONTHS_SINCE_FIRST_GIFT,FILE_AVG_GIFT,FILE_CARD_GIFT,KNN_SCORE
0,,5,101,87,0,?,?, .,H,M,2,0,P,0,,554,294,76,11855,0,0,0,0,1,0,A,1,0.067,15.0,0.0,0.0,1,0,26,19,45,297,35,8.49,15,20,5,15,5,12,26,92,8.49,7,0
1,10,12,137,79,0,R,2,45,H,M,7,0,P,0,3,334,212,72,10385,0,41,21,31,1,1,S,2,0.235,15.0,0.25,15.0,4,2,11,32,90,368,25,14.72,20,25,5,17,7,21,7,122,14.72,12,0
0,,37,113,75,0,S,1,11,H,F,5,0,P,0,9,2388,405,63,30855,0,25,26,57,1,1,S,3,0.409,21.67,0.545,22.67,9,6,14,44,119,603,36,16.75,23,28,5,19,11,32,6,105,16.75,16,0
0,,38,92,,0,U,2,4,H,F,6,1,B,0,4,1688,153,3,16342,0,25,32,42,1,0,A,3,0.474,13.44,0.4,13.5,9,4,11,31,96,435,37,11.76,14,17,3,15,11,33,6,92,11.76,12,0
0,,41,101,74,0,R,2,49,U,F,2,1,B,8,5,514,328,90,12107,0,33,36,37,0,0,A,1,0.1,17.5,0.111,10.0,2,1,18,30,83,106,12,8.83,20,25,5,25,6,19,18,92,8.83,3,0
0,,52,101,63,0,U,3,8,U,M,3,0,P,0,,452,182,51,6851,0,57,38,34,0,0,A,4,0.2,8.33,0.125,10.0,3,1,19,22,59,128,22,5.82,7,10,3,10,9,20,19,91,5.82,6,0
0,,53,89,71,0,R,3,50,H,M,5,0,P,0,7,376,122,68,5900,0,17,11,51,1,4,A,1,0.167,18.67,0.273,18.67,3,3,21,29,72,220,20,11.0,15,20,5,20,7,18,21,91,11.0,8,0
1,5,67,89,79,0,C,2,28,H,F,1,0,P,0,,1004,189,95,12667,3,44,49,50,1,0,A,4,0.4,5.0,0.444,5.0,8,4,12,33,89,101,20,5.05,4,7,3,5,9,24,9,91,5.05,8,0
0,,70,89,41,0,C,3,30,H,F,4,0,P,0,,361,180,56,8132,2,51,45,45,1,0,A,4,0.409,5.0,0.455,5.0,9,5,17,36,91,171,34,5.03,4,7,3,5,11,25,17,91,5.03,14,0
1,16,71,101,63,0,R,2,43,H,F,4,1,B,0,,399,307,86,11428,1,33,33,29,1,1,S,3,0.357,8.6,0.571,8.5,5,4,11,27,62,150,22,6.82,8,11,3,8,11,27,9,91,6.82,13,0
0,,156,125,73,0,?,?, .,U,F,5,0,B,17,9,706,299,76,12426,0,0,0,0,1,1,S,2,0.15,8.33,0.111,10.0,3,1,18,38,98,201,33,6.09,8,10,2,10,6,15,18,124,6.09,10,0
1,12,159,77,81,0,R,2,45,U,M,4,1,B,24,3,530,236,81,12208,1,34,19,46,1,0,A,4,0.5,9.64,0.455,9.8,11,5,11,33,90,270,29,9.31,10,15,5,15,11,29,6,89,9.31,7,0
0,,162,65,76,0,S,2,20,U,F,2,1,B,7,7,813,255,48,13079,0,47,24,23,1,0,A,1,0.19,16.25,0.182,17.5,4,2,20,37,99,277,24,11.54,20,25,5,15,11,27,20,89,11.54,4,0
0,,210,101,69,0,S,2,16,H,F,3,1,B,32,6,663,340,68,13347,1,25,37,33,1,1,S,2,0.389,11.57,0.333,10.67,7,3,12,33,96,255,26,9.81,15,20,5,10,8,21,12,92,9.81,10,0
1,8,220,77,45,0,C,3,30,H,M,2,0,B,4,2,550,387,83,20210,0,49,43,37,1,1,S,4,0.438,6.14,0.571,6.0,7,4,13,29,79,122,22,5.55,5,8,3,7,9,25,5,87,5.55,11,0
0,,230,65,71,0,T,2,40,H,M,3,0,B,0,7,2222,450,86,29771,2,34,26,43,0,0,A,1,0.1,17.5,0.0,0.0,2,0,26,16,44,90,7,12.86,15,20,5,20,5,12,26,88,12.86,1,0
0,,236,89,43,0,U,2,7,H,M,4,1,P,0,4,1296,358,52,13619,3,30,53,10,1,0,A,1,0.438,12.86,0.5,12.25,7,4,11,24,68,200,21,9.52,10,15,5,10,9,26,5,87,9.52,6,0
1,15,250,89,87,0,S,2,20,U,F,1,0,B,6,4,469,222,42,10469,0,46,17,39,1,0,A,2,0.35,12.86,0.364,12.5,7,4,17,39,94,261,24,10.88,12,15,3,12,11,23,17,87,10.88,10,0
0,,257,89,55,0,?,?, .,H,F,4,0,P,0,,490,152,63,9807,0,0,0,0,0,0,A,1,0.071,19.0,0.0,0.0,1,0,25,19,49,164,14,11.71,17,20,3,19,5,12,25,87,11.71,3,0
1,33,268,89,37,0,C,1,23,U,F,5,1,B,7,9,1765,327,72,27674,0,50,14,71,0,0,A,4,0.364,25.88,0.455,27.0,8,5,15,40,107,470,21,22.38,25,35,10,35,11,27,8,87,22.38,7,0
0,,276,89,52,0,S,2,16,H,M,5,1,B,10,4,610,297,90,13018,0,33,20,37,0,0,A,3,0.143,11.33,0.2,10.5,3,2,20,33,88,134,14,9.57,8,13,5,10,8,20,20,87,9.57,4,0
1,20,282,17,30,0,T,1,35,H,M,6,1,B,11,,1117,544,87,18212,1,27,70,21,0,0,F,1,0.077,20.0,0.2,20.0,1,1,20,13,39,76,9,8.44,15,20,5,20,5,14,20,87,8.44,1,0
0,,286,89,43,0,R,2,49,H,M,3,1,B,1,,542,301,65,9742,0,24,62,26,0,0,A,1,0.063,25.0,0.0,0.0,1,0,26,18,45,109,7,15.57,15,25,10,25,5,12,26,87,15.57,2,0
0,,316,89,77,0,T,3,41,H,M,1,0,B,0,0,312,117,65,5016,0,23,7,64,1,0,A,1,0.5,20.0,0.545,20.0,10,6,12,32,82,380,23,16.52,15,20,5,20,11,30,4,87,16.52,9,0
0,,317,89,,0,C,2,25,U,M,4,0,M,0,,1125,255,0,16041,0,14,39,13,0,0,A,1,0.077,23.0,0.0,0.0,1,0,19,12,35,87,5,17.4,8,23,15,23,4,14,19,87,17.4,2,0
0,,325,89,37,0,U,4,10,H,F,6,0,B,0,9,5435,1375,97,42851,0,29,30,33,1,1,S,2,0.118,32.5,0.222,32.5,2,2,15,26,58,209,10,20.9,25,35,10,35,10,24,15,87,20.9,6,0
0,,349,89,65,0,U,1,1,H,F,6,1,B,2,,1489,402,26,22959,0,38,55,25,0,0,E,1,0.143,15.0,0.0,0.0,1,0,15,9,29,59,5,11.8,5,15,10,15,2,12,15,86,11.8,2,0
0,,363,89,77,0,U,3,9,H,F,5,1,B,7,,4872,221,10,14394,1,12,11,17,0,0,A,1,0.067,17.0,0.0,0.0,1,0,25,14,39,101,7,14.43,5,17,12,17,5,13,25,85,14.43,1,0
1,10,364,53,59,0,U,1,1,H,F,5,0,P,0,7,3100,133,28,18262,0,20,18,0,1,1,S,2,0.286,13.0,0.2,13.0,6,2,20,26,70,284,21,13.52,20,25,5,10,9,21,18,85,13.52,4,0
1,10,368,137,75,0,U,1,2,H,M,6,1,B,1,7,2257,485,84,17885,0,43,28,41,1,10,A,1,0.333,8.83,0.444,8.75,6,4,19,42,114,247,38,6.5,5,10,5,10,10,24,19,129,6.5,22,0
0,,372,101,42,0,S,1,12,H,M,6,1,B,2,,787,375,94,14366,0,24,36,0,0,0,A,1,0.118,18.0,0.0,0.0,2,0,17,21,59,89,7,12.71,14,19,5,19,4,13,17,91,12.71,3,0
1,5,387,5,,0,T,2,40,U,F,2,0,B,0,,789,413,97,14123,0,31,16,7,0,0,A,3,0.278,5.4,0.222,6.0,5,2,20,15,43,70,12,5.83,7,10,3,5,5,12,18,85,5.83,2,0
1,16,397,89,79,0,U,1,2,H,F,7,1,P,0,9,1857,594,93,27547,0,25,9,65,0,0,A,1,0.067,16.0,0.0,0.0,1,0,20,18,60,111,7,15.86,10,20,10,16,4,15,20,84,15.86,2,0
1,35,403,89,58,0,?,?, .,U,U,2,0,P,0,,765,408,89,15150,0,0,0,0,0,0,A,1,0.063,20.0,0.125,20.0,1,1,18,21,52,335,10,33.5,30,50,20,35,8,21,7,83,33.5,4,0
0,,412,77,,0,T,3,41,U,F,1,0,M,0,2,453,199,79,9591,0,21,40,40,1,10,A,1,0.444,11.25,0.556,11.0,8,5,16,24,68,356,32,11.13,10,15,5,15,6,17,4,81,11.13,10,0
0,,438,89,45,0,T,2,40,H,F,6,1,B,12,8,1400,318,77,14928,0,25,30,29,0,0,A,1,0.1,25.0,0.111,25.0,2,1,18,30,72,159,12,13.25,20,25,5,25,11,27,6,81,13.25,5,0
1,10,441,77,56,0,U,4,10,U,F,1,0,B,2,,550,91,10,10050,0,19,46,31,1,1,S,4,0.5,5.0,0.364,5.0,11,4,8,34,90,154,28,5.5,7,10,3,5,11,25,8,80,5.5,7,0
0,,478,137,82,0,T,2,36,H,F,5,0,P,0,3,550,218,80,10815,0,40,26,42,1,3,A,1,0.3,10.0,0.556,10.4,6,5,19,45,120,321,42,7.64,11,13,2,10,9,22,6,130,7.64,23,0
1,12,511,89,82,0,S,1,15,U,F,4,1,M,2,4,1024,225,8,16782,1,22,33,23,0,0,A,1,0.188,13.33,0.125,10.0,3,1,17,22,58,100,10,10.0,10,15,5,10,9,22,6,78,10.0,2,0
0,,527,89,64,0,T,2,39,H,F,2,1,B,2,,684,282,61,13025,0,32,26,17,1,0,A,3,0.364,7.88,0.455,7.4,8,5,13,32,76,133,23,5.78,13,16,3,5,10,24,13,78,5.78,12,0
0,,539,89,75,0,S,1,14,H,M,5,1,B,15,,2003,909,98,32344,0,27,33,19,0,0,A,1,0.063,33.0,0.0,0.0,1,0,26,23,54,173,6,28.83,8,33,25,33,8,19,26,78,28.83,2,0
0,,544,89,58,0,?,?, .,U,F,2,0,P,0,1,266,222,80,9958,0,0,0,0,1,11,A,1,0.15,11.67,0.111,10.0,3,1,18,38,97,142,16,8.88,10,15,5,15,11,26,18,78,8.88,7,0
0,,545,137,48,0,S,2,18,H,F,2,0,B,0,8,1221,436,75,20091,0,31,29,26,0,0,A,2,0.211,13.0,0.111,16.0,4,1,17,39,90,152,14,10.86,11,16,5,10,8,22,17,111,10.86,4,0
1,20,551,125,85,0,T,2,36,H,F,2,1,P,0,2,340,180,67,9343,0,29,27,46,1,0,A,1,0.063,16.0,0.1,16.0,1,1,24,39,89,368,24,15.33,20,25,5,21,7,15,9,119,15.33,10,0
1,15,557,77,,0,R,2,48,H,F,2,0,P,0,2,789,200,81,9717,0,47,19,55,0,0,A,1,0.579,11.27,0.7,10.57,11,7,11,25,78,328,37,8.86,12,15,3,11,8,27,4,77,8.86,16,0
0,,564,89,59,0,C,1,24,H,F,7,1,B,18,,2573,582,82,19730,0,30,54,8,1,0,A,1,0.25,30.0,0.444,30.0,4,4,16,25,56,210,10,21.0,45,50,5,18,11,24,16,79,21.0,7,0
0,,576,77,47,0,T,1,35,H,F,7,1,B,2,,3770,564,83,30842,0,48,32,49,0,0,A,1,0.059,25.0,0.0,0.0,1,0,25,21,48,141,7,20.14,12,25,13,25,7,15,25,76,20.14,2,0
1,25,591,113,80,0,T,2,37,H,M,5,1,B,2,3,711,223,97,14751,0,58,5,86,1,0,A,1,0.25,29.0,0.364,28.25,5,4,16,43,108,315,12,26.25,20,35,15,20,11,28,16,109,26.25,6,0
0,,598,77,42,0,U,3,8,H,M,5,1,B,3,7,480,343,82,17493,0,32,19,57,0,0,A,1,0.059,25.0,0.111,25.0,1,1,24,23,51,165,7,23.57,5,25,20,25,8,16,24,76,23.57,4,0
0,,616,53,,0,U,2,7,H,F,4,0,B,10,3,2475,281,22,14765,0,7,17,29,0,0,A,1,0.118,15.0,0.0,0.0,2,0,19,23,71,107,9,11.89,15,20,5,15,8,26,8,76,11.89,3,0
0,,626,29,56,0,T,2,36,H,M,4,1,B,1,,689,296,70,11819,0,45,35,37,1,1,S,4,0.316,8.0,0.5,7.6,6,5,18,17,45,60,8,7.5,5,10,5,10,6,16,18,75,7.5,5,0
0,,634,137,,0,U,3,8,U,F,1,0,P,0,1,1608,337,88,10580,0,19,71,10,1,1,S,4,0.35,5.0,0.364,5.0,7,4,18,41,104,235,47,5.0,0,5,5,5,6,15,18,130,5.0,20,0
1,25,637,77,81,1,S,1,13,H,F,4,0,P,0,8,2865,534,92,24571,0,33,14,52,1,0,A,2,0.35,19.57,0.364,21.0,7,4,11,34,93,419,27,15.52,25,30,5,20,9,25,6,80,15.52,11,0
0,,646,137,63,0,T,1,35,H,M,5,1,M,6,9,1361,665,98,21294,0,22,39,22,1,13,A,1,0.3,9.83,0.222,9.0,6,2,13,42,116,237,30,7.9,6,11,5,9,9,26,7,122,7.9,16,0
0,,653,77,40,0,S,1,14,H,F,7,0,P,0,8,914,507,92,16840,2,47,65,18,1,0,A,1,0.1,27.5,0.111,40.0,2,1,19,34,92,239,13,18.38,35,40,5,40,9,23,19,76,18.38,6,0
1,20,661,65,32,0,U,2,5,H,M,6,1,B,4,7,1801,495,79,18663,0,37,26,31,1,0,A,1,0.333,20.14,0.6,20.0,7,6,16,32,90,331,17,19.47,10,25,15,25,11,26,10,73,19.47,12,0
0,,665,41,53,0,T,2,40,H,F,3,1,B,4,5,742,369,89,13642,1,35,32,11,0,0,A,2,0.143,18.33,0.0,0.0,3,0,16,29,75,164,12,13.67,10,20,10,15,11,27,16,73,13.67,1,0
0,,672,89,,0,C,2,27,U,F,2,1,P,0,3,1720,299,53,14082,7,39,54,28,0,0,A,1,0.105,15.5,0.1,16.0,2,1,26,28,70,148,12,12.33,11,16,5,15,5,14,26,80,12.33,4,0
1,15,675,113,82,0,T,1,34,H,F,5,1,B,2,7,1714,342,77,18534,0,29,43,57,1,1,S,2,0.1,13.5,0.111,15.0,2,1,21,32,87,205,23,8.92,15,15,0,15,7,17,21,100,8.92,13,0
0,,687,65,73,0,S,1,12,H,M,7,1,B,2,,1407,578,82,21162,0,29,36,25,1,0,A,4,0.579,6.18,0.7,5.57,11,7,17,30,76,104,18,5.78,6,8,2,8,10,22,17,68,5.78,8,0
0,,689,65,45,0,R,3,50,H,F,7,0,P,0,2,317,182,78,7839,0,23,21,37,1,4,A,1,0.476,5.1,0.6,4.33,10,6,12,35,101,197,47,4.19,8,10,2,10,8,27,5,69,4.19,17,0
0,,702,101,75,0,T,1,35,H,F,7,1,B,6,9,1125,550,90,28012,0,40,18,63,1,0,A,2,0.286,9.83,0.3,10.0,6,3,13,38,103,175,22,7.95,7,11,4,10,10,26,13,92,7.95,7,0
0,,706,77,54,0,T,2,36,H,F,5,1,B,13,,508,269,70,15080,0,37,30,35,0,0,A,1,0.067,15.0,0.0,0.0,1,0,24,17,46,97,11,8.82,10,15,5,15,5,15,24,68,8.82,3,0
0,,714,77,33,0,S,2,19,H,F,6,1,P,0,7,2051,417,67,13430,1,18,43,25,1,1,S,4,0.364,26.38,0.545,27.5,8,6,21,39,106,453,30,15.1,35,40,5,38,11,25,21,76,15.1,14,0
1,35,718,101,75,0,C,2,27,H,F,3,0,B,3,2,1215,296,49,12319,1,33,46,26,0,0,A,1,0.15,40.67,0.091,36.0,3,1,18,31,86,361,16,22.56,40,50,10,36,9,22,18,105,22.56,4,0
1,2,727,65,73,0,R,3,51,H,F,3,1,B,1,,240,232,77,10744,0,27,23,31,1,0,A,4,0.476,2.8,0.8,2.75,10,8,12,28,64,52,23,2.26,4,5,1,2,10,18,7,69,2.26,13,0
0,,743,113,60,0,R,2,46,H,M,5,1,M,15,9,768,304,70,12793,0,28,48,8,1,0,A,2,0.524,10.45,0.4,11.25,11,4,15,39,107,360,37,9.73,10,15,5,10,11,27,11,113,9.73,10,0
0,,775,65,67,0,S,1,15,H,F,5,0,B,1,8,844,352,78,18534,0,43,9,59,1,0,A,4,0.368,13.0,0.222,14.0,7,2,13,29,80,163,15,10.87,13,18,5,15,11,29,11,67,10.87,8,0
1,18,785,77,52,0,C,1,22,U,M,2,1,P,0,2,613,146,2,13209,0,12,18,15,0,0,A,1,0.063,15.0,0.0,0.0,1,0,19,19,49,105,6,17.5,15,25,10,20,7,19,5,66,17.5,3,0
0,,788,65,49,0,T,2,40,H,F,6,1,B,14,,864,404,86,13208,0,30,36,45,0,0,A,1,0.063,40.0,0.125,40.0,1,1,21,20,51,140,5,28.0,15,40,25,40,7,18,21,64,28.0,3,0
1,15,790,77,71,0,R,2,46,U,M,5,0,P,0,4,580,286,78,12400,0,29,34,29,1,0,A,1,0.053,15.0,0.0,0.0,1,0,18,24,67,92,11,8.36,12,15,3,15,5,16,18,68,8.36,4,0
1,15,793,125,87,0,S,2,17,H,F,5,1,B,23,5,1568,328,28,17761,0,26,38,24,1,0,E,1,0.222,14.0,0.125,12.0,4,1,15,37,103,214,21,10.19,18,20,2,16,4,16,15,123,10.19,7,0
0,,804,137,7,0,S,1,11,H,F,5,1,B,8,,1227,471,60,17179,20,36,57,18,1,0,A,3,0.19,6.0,0.2,7.0,4,2,21,38,93,114,25,4.56,4,7,3,7,6,13,21,124,4.56,8,0
0,,836,65,86,0,S,1,13,H,M,6,1,B,10,9,1638,703,79,37099,2,60,35,63,0,0,A,1,0.111,29.0,0.0,0.0,2,0,26,18,45,148,6,24.67,16,31,15,31,3,7,26,64,24.67,1,0
0,,867,77,52,0,C,2,26,H,M,5,1,B,2,4,923,253,14,20273,0,20,13,56,0,0,A,1,0.059,18.0,0.0,0.0,1,0,17,23,63,93,7,13.29,8,18,10,18,5,14,17,77,13.29,2,0
1,40,894,65,57,0,C,2,27,H,M,5,1,B,12,7,860,392,89,13088,0,40,39,20,1,1,S,4,0.5,19.4,0.455,18.8,10,5,12,36,105,580,34,17.06,20,25,5,21,11,35,4,64,17.06,12,0
0,,898,77,78,0,R,2,49,H,F,2,1,B,0,0,388,290,86,12373,0,29,34,28,1,1,S,2,0.19,9.75,0.2,10.0,4,2,19,28,76,122,18,6.78,8,11,3,10,6,15,19,67,6.78,6,0
0,,903,41,,0,C,2,25,U,F,1,0,B,4,,528,196,42,9075,10,19,36,10,1,0,A,3,0.222,5.75,0.5,5.75,4,4,16,13,33,42,10,4.2,9,10,1,5,6,14,16,64,4.2,4,0
0,,905,65,65,0,T,1,35,H,M,4,1,B,11,7,1629,483,87,15317,0,26,35,30,0,0,A,1,0.063,15.0,0.0,0.0,1,0,18,18,54,51,5,10.2,10,15,5,15,4,14,18,64,10.2,1,0
0,,908,65,57,0,T,2,38,H,F,7,1,B,38,,665,279,59,12235,4,44,45,12,0,0,A,1,0.095,19.0,0.0,0.0,2,0,21,27,70,155,12,12.92,17,21,4,20,8,18,21,64,12.92,2,0
0,,917,101,47,0,S,1,11,H,M,4,0,B,5,7,715,395,48,14175,0,29,75,10,1,0,A,1,0.143,11.67,0.2,12.5,3,2,20,35,89,194,20,9.7,15,20,5,10,7,17,20,90,9.7,6,0
0,,919,77,57,0,S,1,13,H,M,1,1,B,2,8,925,354,89,17549,0,43,32,33,1,1,S,3,0.263,6.8,0.444,6.75,5,4,18,21,52,79,12,6.58,5,10,5,7,6,13,18,69,6.58,9,0
1,12,931,65,50,0,R,2,49,H,M,1,0,P,0,2,646,239,79,10757,0,27,40,31,1,0,A,4,0.409,5.78,0.455,5.8,9,5,11,32,85,153,30,5.1,4,7,3,7,10,24,11,64,5.1,9,0
1,10,959,89,53,0,C,2,28,H,F,7,1,B,6,8,586,349,89,15304,0,32,35,47,1,0,A,1,0.176,10.0,0.375,10.0,3,3,24,27,71,73,10,7.3,10,15,5,15,4,10,24,88,7.3,8,0
0,,968,65,39,0,S,3,21,H,F,6,1,B,5,3,378,233,63,8807,0,32,32,41,0,0,A,1,0.1,15.0,0.111,10.0,2,1,18,23,59,63,7,9.0,15,20,5,20,6,17,18,61,9.0,2,0
0,,970,77,,0,R,2,45,U,F,1,0,P,0,,529,163,69,8222,0,37,19,43,1,0,A,4,0.2,5.25,0.333,5.0,4,3,16,30,76,91,18,5.06,1,6,5,5,6,16,16,65,5.06,9,0
1,8,971,29,57,0,T,2,39,H,F,6,1,B,6,,695,222,67,9991,24,35,26,12,1,1,S,4,0.5,8.2,0.6,8.83,10,6,15,27,68,150,20,7.5,8,13,5,8,11,24,4,63,7.5,7,0
0,,985,89,82,0,S,1,12,H,F,5,1,B,6,9,1001,584,98,18826,1,30,29,25,1,1,S,2,0.15,13.33,0.182,12.5,3,2,24,23,62,110,10,11.0,10,15,5,15,6,15,18,88,11.0,5,0
1,3,987,89,54,0,S,1,14,H,F,7,1,B,19,,2140,773,97,33069,0,38,33,24,1,1,S,4,0.529,3.33,0.75,4.0,9,6,11,31,83,79,21,3.76,5,7,2,4,12,28,7,82,3.76,10,0
1,21,1006,137,66,0,R,2,46,H,F,5,0,B,20,3,385,207,78,12419,0,25,36,38,1,1,S,1,0.318,15.29,0.364,15.75,7,4,16,44,115,530,35,15.14,23,26,3,15,11,31,6,127,15.14,16,0
0,,1007,137,66,0,R,3,51,H,F,5,1,P,0,0,266,142,62,7906,0,29,36,31,1,1,S,3,0.421,7.75,0.7,7.71,8,7,17,45,116,276,46,6.0,7,10,3,9,8,23,17,131,6.0,25,0
1,15,1012,137,75,0,T,1,35,H,M,5,0,B,1,9,1133,430,80,26361,0,32,40,55,1,1,S,2,0.35,15.43,0.455,16.6,7,5,17,45,114,342,28,12.21,15,20,5,13,11,28,5,122,12.21,17,0
0,,1030,137,39,0,R,2,49,H,F,2,1,B,0,1,459,315,94,10114,0,34,45,27,1,1,S,3,0.389,9.14,0.5,9.4,7,5,20,33,91,269,50,5.38,10,12,2,9,4,11,20,130,5.38,22,0
1,12,1034,77,,0,C,1,23,H,M,4,1,B,16,6,1416,255,72,17990,0,55,17,63,0,0,A,3,0.333,13.29,0.364,12.0,7,4,19,35,96,271,22,12.32,14,17,3,15,11,25,18,75,12.32,8,0
1,8,1042,113,,0,T,1,34,H,M,5,1,B,10,7,826,314,64,14958,0,45,22,43,1,0,A,4,0.263,10.6,0.333,13.0,5,3,15,25,67,147,16,9.19,12,15,3,9,4,11,15,105,9.19,9,0
0,,1048,137,50,0,R,1,42,H,M,5,1,B,4,7,585,250,73,10739,0,39,46,32,1,14,A,1,0.048,22.0,0.0,0.0,1,0,18,35,86,202,29,6.97,19,22,3,22,6,16,18,126,6.97,14,0
1,5,1068,137,66,0,S,1,14,H,F,6,0,P,0,9,3528,814,96,25564,0,36,27,28,1,1,S,4,0.286,5.83,0.545,5.83,6,6,20,34,100,265,43,6.16,7,10,3,5,5,19,18,126,6.16,25,0
0,,1074,65,50,0,R,2,44,U,F,6,1,M,1,6,780,333,82,12811,0,29,37,20,0,0,A,1,0.111,14.5,0.111,14.0,2,1,26,24,65,81,7,11.57,10,15,5,15,6,16,26,60,11.57,3,0
0,,1085,125,63,0,R,2,44,H,F,4,1,B,25,7,714,437,87,14003,0,33,27,21,1,4,A,1,0.35,11.43,0.6,11.67,7,6,12,34,92,284,26,10.92,20,25,5,15,5,16,12,124,10.92,16,0
1,15,1092,77,69,0,U,1,3,H,M,6,1,P,0,9,5817,931,84,91576,0,27,8,52,1,4,A,1,0.429,10.56,0.6,11.67,9,6,11,34,100,315,32,9.84,19,20,1,10,10,27,6,76,9.84,15,0
1,20,1101,101,55,0,R,2,43,H,F,4,0,P,0,2,483,198,71,9290,0,33,33,35,1,5,A,2,0.4,14.88,0.364,13.75,8,4,13,37,104,278,24,11.58,17,20,3,15,11,27,9,92,11.58,13,0
1,11,1102,137,86,0,?,?, .,U,M,4,0,M,0,6,882,380,73,18642,0,0,0,0,1,1,S,4,0.526,13.6,0.545,14.5,10,6,17,40,105,374,33,11.33,12,16,4,12,11,29,5,131,11.33,16,0
0,,1196,53,32,0,U,1,1,U,M,1,1,B,3,,1348,613,83,20525,0,0,0,0,1,0,A,4,0.35,4.57,0.455,4.4,7,5,16,33,79,82,20,4.1,7,9,2,5,11,22,16,57,4.1,9,0
0,,1198,17,56,0,S,1,12,H,M,7,1,B,1,,2491,498,90,17576,1,41,20,25,0,0,F,1,0.2,13.33,0.143,15.0,3,1,17,15,46,65,5,13.0,5,15,10,15,5,19,5,57,13.0,2,0
0,,1245,89,79,0,S,2,16,H,F,2,0,P,0,6,728,330,57,13621,0,33,33,43,0,0,A,1,0.105,15.0,0.25,15.0,2,2,16,36,96,165,13,12.69,15,20,5,15,10,25,9,79,12.69,6,0
1,30,1254,65,49,0,S,1,14,H,M,5,1,P,0,,1102,613,90,20557,0,22,69,5,0,0,A,1,0.063,25.0,0.0,0.0,1,0,26,14,36,75,3,25.0,0,25,25,25,4,11,26,56,25.0,1,0
0,,1258,125,63,0,U,2,6,U,M,2,1,B,1,8,876,473,90,16469,1,37,39,21,0,0,A,1,0.056,21.0,0.125,21.0,1,1,18,27,75,99,11,9.0,16,21,5,21,5,14,18,110,9.0,3,0
0,,1264,29,71,0,C,2,28,H,M,2,1,M,11,,689,288,70,14904,0,41,13,56,0,0,N,1,0.091,15.0,0.2,15.0,1,1,23,9,24,20,2,10.0,10,15,5,15,3,8,23,56,10.0,1,0
0,,1280,137,71,0,R,1,42,H,M,7,1,B,18,0,1881,426,72,20138,0,24,49,12,1,0,A,2,0.227,29.2,0.182,27.0,5,2,18,34,82,282,13,21.69,30,35,5,30,6,15,18,121,21.69,7,0
1,15,1292,29,47,0,C,2,29,H,M,5,0,B,0,,692,203,74,14602,0,44,5,67,1,0,A,2,0.188,9.0,0.25,10.0,3,2,18,15,40,38,5,7.6,10,15,5,7,6,15,18,57,7.6,2,0
1,2,1293,101,75,0,S,2,18,H,F,2,0,B,10,,917,462,94,14229,0,22,24,35,1,0,A,4,0.238,4.8,0.3,4.33,5,3,20,27,71,74,14,5.29,7,10,3,5,6,13,20,92,5.29,8,0
0,,1298,89,80,0,T,2,38,H,M,4,0,P,0,8,2459,309,47,17969,0,27,15,67,1,0,A,4,0.35,19.71,0.455,18.6,7,5,21,38,99,311,22,14.14,25,30,5,20,11,30,18,89,14.14,9,0
0,,1304,137,85,0,R,3,53,U,F,1,0,P,0,0,1259,263,43,9748,0,11,26,42,1,3,A,1,0.333,9.43,0.4,9.0,7,4,19,46,111,193,26,7.42,9,11,2,10,10,22,19,126,7.42,17,0
1,14,1322,77,54,0,U,2,5,U,F,3,0,B,2,7,376,397,72,15260,0,25,45,35,1,0,A,2,0.19,13.5,0.2,13.0,4,2,24,36,94,174,14,12.43,5,15,10,14,11,25,7,73,12.43,5,0
0,,1325,53,59,0,S,2,20,H,M,3,0,P,0,6,1027,331,53,13701,0,29,18,40,0,0,A,1,0.182,26.25,0.091,25.0,4,1,18,33,80,210,9,23.33,25,30,5,25,9,23,5,55,23.33,2,0
0,,1329,29,65,0,?,?, .,U,M,6,0,P,0,,745,259,59,9966,0,0,0,0,0,0,N,3,0.231,13.33,0.143,10.0,3,1,17,13,36,45,4,11.25,11,16,5,14,6,17,17,55,11.25,1,0
0,,1350,65,,0,T,1,35,H,M,5,1,B,7,9,901,441,89,17670,2,48,55,23,1,19,A,1,0.053,25.0,0.0,0.0,1,0,18,27,66,112,8,14.0,30,33,3,25,6,15,18,65,14.0,2,0
1,15,1357,137,40,0,S,2,17,H,F,5,0,B,0,5,889,328,36,13456,1,25,48,7,1,1,S,3,0.455,13.9,0.545,14.5,10,6,15,41,102,224,21,10.67,22,27,5,18,11,29,15,126,10.67,9,0
0,,1368,65,71,0,R,2,43,U,F,2,0,P,0,1,1721,618,95,21855,1,27,35,26,1,1,S,3,0.4,13.5,0.273,14.0,8,3,18,33,83,259,23,11.26,15,20,5,10,8,23,9,56,11.26,9,0
0,,1396,113,49,0,S,2,17,H,M,1,0,P,0,,730,247,70,15385,19,38,31,18,1,1,S,4,0.263,17.4,0.3,15.67,5,3,17,34,92,352,24,14.67,15,20,5,12,6,16,17,112,14.67,12,0
0,,1397,65,51,0,S,1,12,H,M,4,1,B,5,9,1024,475,81,18143,0,23,32,27,0,0,A,3,0.211,11.75,0.3,11.67,4,3,17,32,81,104,10,10.4,10,15,5,15,11,24,17,57,10.4,6,0
0,,1400,137,,0,S,1,11,H,M,7,1,B,18,6,1805,759,79,31663,1,33,54,21,1,1,S,3,0.421,8.38,0.545,7.0,8,6,24,36,88,157,29,5.41,15,17,2,9,6,17,24,131,5.41,18,0
0,,1414,77,69,0,T,2,39,H,M,5,1,P,0,5,465,314,63,11769,0,23,29,9,1,0,A,1,0.167,22.5,0.0,0.0,2,0,9,21,67,119,7,17.0,15,25,10,25,5,21,9,76,17.0,4,0
0,,1419,101,72,0,R,3,51,H,M,2,0,B,0,4,466,266,86,11133,0,25,27,23,0,0,A,1,0.095,17.5,0.0,0.0,2,0,26,27,68,105,8,13.13,15,20,5,20,5,13,26,92,13.13,3,0
0,,1431,53,76,0,R,2,49,H,M,2,0,P,0,2,412,297,80,12061,0,33,32,19,1,0,A,4,0.381,10.38,0.3,11.67,8,3,15,27,69,135,17,7.94,16,19,3,19,9,23,15,52,7.94,5,0
0,,1434,65,33,0,S,2,20,U,F,2,1,P,0,7,928,387,86,18255,0,23,33,16,1,0,A,1,0.318,14.29,0.455,14.0,7,5,25,33,83,282,19,14.84,10,20,10,15,11,23,25,57,14.84,10,0
1,24,1442,29,38,0,C,1,24,H,F,5,1,B,4,,1602,459,70,18855,2,25,40,27,1,0,A,2,0.421,20.13,0.6,20.17,8,6,17,26,78,350,19,18.42,15,25,10,25,11,32,6,53,18.42,10,0
0,,1477,65,,0,?,?, .,U,M,5,0,P,0,5,1287,418,75,18427,0,0,0,0,0,0,A,3,0.158,14.33,0.111,14.0,3,1,17,24,66,106,8,13.25,6,16,10,14,6,18,17,55,13.25,2,0
0,,1480,65,,0,U,3,9,U,F,1,0,B,23,3,1507,421,84,12044,0,22,34,48,1,0,A,1,0.211,33.75,0.1,35.0,4,1,15,28,69,330,10,33.0,5,35,30,35,9,20,7,57,33.0,3,0
0,,1485,65,47,0,C,1,24,H,F,3,0,P,0,7,1930,466,80,16892,2,41,34,4,0,0,A,1,0.091,19.5,0.182,19.5,2,2,17,25,64,78,7,11.21,18,23,5,23,6,14,17,56,11.21,3,0
0,,1493,137,49,0,S,1,11,H,M,6,0,B,9,6,1904,568,78,23814,0,33,39,18,1,11,A,1,0.263,9.0,0.375,9.0,5,3,15,40,108,170,23,7.39,8,11,3,9,8,20,15,127,7.39,16,0
0,,1495,125,49,0,S,1,13,H,F,5,1,B,51,9,5856,976,85,33638,0,28,38,37,1,0,A,1,0.091,92.5,0.091,100.0,2,1,18,37,94,595,10,59.5,75,100,25,100,6,17,18,123,59.5,6,0
0,,1502,65,51,0,S,1,14,H,F,7,0,P,0,9,1765,542,94,19984,0,30,34,28,0,0,A,1,0.091,15.0,0.0,0.0,1,0,18,16,45,47,4,11.75,5,15,10,15,4,12,18,57,11.75,2,0
1,10,1544,53,45,0,S,1,11,H,F,7,1,P,0,7,3260,509,79,19165,11,26,42,17,0,0,A,1,0.063,20.0,0.0,0.0,1,0,18,17,45,52,4,13.0,10,20,10,20,6,14,18,52,13.0,2,0
0,,1548,53,68,0,T,1,35,H,M,7,0,M,1,9,1679,776,93,26873,0,21,34,0,0,0,A,1,0.067,25.0,0.0,0.0,1,0,26,11,33,75,3,25.0,0,25,25,25,4,11,26,49,25.0,0,0
1,25,1556,41,49,0,C,2,25,U,F,1,0,P,0,3,2167,346,92,27423,0,17,55,18,0,0,E,1,0.067,15.0,0.0,0.0,1,0,15,12,39,49,4,12.25,5,15,10,15,2,10,15,49,12.25,1,0
0,,1611,137,78,0,C,3,31,H,M,1,1,B,33,4,409,114,40,8565,1,36,21,43,1,5,A,1,0.227,13.2,0.364,15.0,5,4,18,44,108,227,26,8.73,18,20,2,5,9,22,4,128,8.73,17,0
1,15,1617,29,75,0,S,1,13,H,F,4,0,B,30,,5970,1386,94,62822,0,38,16,69,1,0,A,3,0.316,11.67,0.5,12.0,6,5,11,24,63,112,11,10.18,15,20,5,11,11,28,6,45,10.18,7,0
0,,1628,17,55,0,?,?, .,U,F,1,0,B,28,,701,241,48,11437,0,0,0,0,0,0,E,1,0.1,15.0,0.167,15.0,1,1,15,9,25,20,2,10.0,10,15,5,15,2,8,15,44,10.0,2,0
0,,1631,29,45,0,U,2,7,U,F,3,0,P,0,,720,188,28,10789,0,20,35,47,1,0,A,3,0.55,18.55,0.636,19.14,11,7,15,26,70,306,20,15.3,20,25,5,20,11,28,5,44,15.3,11,0
1,10,1646,101,50,0,C,3,30,H,M,5,0,B,29,0,675,163,28,7083,0,37,76,11,1,10,A,1,0.167,8.33,0.125,10.0,3,1,17,34,85,121,16,7.56,12,15,3,10,5,14,17,103,7.56,8,0
0,,1656,137,,0,R,2,45,U,F,2,0,M,14,4,473,265,77,11454,0,16,37,32,1,1,S,4,0.5,6.5,0.545,5.83,10,6,18,45,104,162,24,6.75,11,12,1,5,11,25,18,123,6.75,14,0
1,40,1673,137,67,0,T,1,35,H,F,5,0,B,4,8,1033,427,85,12145,0,19,23,32,1,5,A,1,0.25,12.8,0.364,13.25,5,4,21,46,107,310,32,9.69,15,17,2,14,11,22,21,127,9.69,20,0
0,,1709,29,78,0,C,3,31,H,M,1,1,B,13,,532,163,27,13155,0,46,34,43,0,0,A,3,0.313,17.0,0.429,18.33,5,3,17,18,51,105,6,17.5,20,30,10,30,8,22,17,33,17.5,3,0
1,10,1722,125,45,0,C,1,24,H,M,7,1,B,5,8,1668,648,83,20187,0,16,82,0,1,0,A,1,0.333,14.29,0.4,12.5,7,4,11,37,103,348,26,13.38,15,20,5,20,10,24,5,120,13.38,13,0
1,12,1731,29,79,0,S,1,13,H,M,5,1,B,23,,1982,786,90,48843,0,48,11,67,1,0,A,2,0.533,11.38,0.429,13.0,8,3,14,21,55,130,11,11.82,9,15,6,12,11,29,6,33,11.82,4,0
0,,1742,29,76,0,T,2,36,H,F,2,1,B,13,,521,304,80,13437,0,37,27,32,0,0,A,1,0.214,11.67,0.333,10.0,3,2,19,15,38,35,3,11.67,5,15,10,15,5,15,19,33,11.67,2,0
0,,1748,29,74,0,C,2,27,H,M,2,1,B,1,,406,260,72,13017,3,36,37,27,0,0,A,1,0.111,26.0,0.125,25.0,2,1,19,18,48,67,3,22.33,12,27,15,27,7,18,19,33,22.33,2,0
0,,1765,137,,0,C,2,26,H,M,2,1,B,33,,2262,227,59,14996,0,26,30,35,1,1,S,3,0.353,5.0,0.5,4.5,6,4,22,25,60,84,18,4.67,7,10,3,10,4,10,18,130,4.67,11,0
0,,1789,65,79,0,C,3,33,U,M,1,1,B,2,8,613,157,51,15708,0,49,36,18,1,1,S,3,0.5,10.0,0.545,10.0,10,6,17,26,64,225,25,9.0,5,10,5,10,5,11,17,65,9.0,11,0
0,,1794,89,,0,?,?, .,U,U,1,1,P,0,4,950,244,67,9872,2,25,34,31,1,0,A,2,0.238,11.0,0.4,11.25,5,4,17,41,104,214,19,11.26,15,20,5,15,11,25,17,89,11.26,9,0
1,10,1799,77,,0,C,2,27,H,M,5,1,B,7,9,860,358,83,14984,0,35,22,13,1,0,A,4,0.381,7.25,0.6,7.67,8,6,16,32,88,194,21,9.24,13,16,3,9,11,25,4,75,9.24,12,0
0,,1808,29,43,0,S,1,12,U,F,5,0,P,0,,1072,517,91,22262,1,35,50,26,0,0,N,1,0.214,16.67,0.167,20.0,3,1,23,15,39,50,3,16.67,10,20,10,20,6,15,23,32,16.67,1,0
0,,1818,65,57,0,T,2,36,U,F,5,0,P,0,5,757,247,74,9829,0,42,29,38,1,13,A,1,0.095,18.0,0.1,20.0,2,1,28,28,73,118,11,10.73,15,20,5,15,8,22,18,57,10.73,6,0
0,,1819,89,55,0,T,1,34,H,M,7,0,B,17,9,820,489,87,20659,5,21,46,17,1,4,A,1,0.381,8.88,0.5,8.4,8,5,19,33,85,196,26,7.54,9,12,3,10,8,20,18,88,7.54,13,0
0,,1863,101,43,0,T,2,38,H,U,6,1,B,2,6,713,343,16,17048,0,18,42,7,1,1,S,3,0.353,10.0,0.333,10.0,6,3,16,25,61,96,13,7.38,12,15,3,12,6,15,16,101,7.38,7,0
0,,1889,29,57,0,T,2,40,H,F,5,0,P,0,,1162,363,82,13579,0,40,40,42,1,0,A,4,0.4,10.67,0.857,10.67,6,6,17,21,56,113,13,8.69,12,16,4,10,11,28,6,32,8.69,8,0
1,12.5,1899,89,49,0,S,2,18,H,M,5,0,P,0,,1519,346,45,14162,1,24,45,19,1,0,A,2,0.235,10.75,0.429,12.67,4,3,15,25,67,92,9,10.22,11,16,5,12,5,14,15,85,10.22,6,0
0,,1902,41,60,0,C,2,28,H,F,5,1,B,1,4,629,262,60,12706,0,43,39,43,1,0,A,1,0.286,14.33,0.4,13.75,6,4,15,25,63,112,8,14.0,15,20,5,20,11,24,15,44,14.0,5,0
0,,1909,125,76,0,R,2,47,U,M,1,1,M,20,0,557,186,76,10179,0,30,19,48,1,1,S,4,0.5,3.18,0.364,3.5,11,4,-10,34,88,97,32,3.03,3,5,2,3,8,18,16,122,3.03,14,0
0,,1913,29,73,0,U,3,8,U,M,2,0,B,18,,595,305,58,11830,0,30,31,55,1,0,A,3,0.25,17.5,0.375,16.67,4,3,17,19,45,110,7,15.71,10,20,10,20,8,20,7,32,15.71,3,0
1,10,1920,137,81,0,U,3,9,H,M,4,1,B,1,1,1032,305,39,18324,0,33,35,26,1,0,A,2,0.368,9.0,0.4,8.25,7,4,17,35,98,215,31,6.92,12,15,3,10,9,25,6,123,6.92,12,0
1,35,1925,29,72,0,T,1,35,H,M,5,1,M,2,,3461,404,78,17618,0,41,32,32,0,0,A,1,0.2,18.33,0.286,20.0,3,2,23,17,44,55,3,18.33,10,25,15,25,7,17,23,33,18.33,2,0
1,15,1927,89,39,0,T,1,35,U,F,3,1,M,1,3,1133,615,90,22163,0,34,42,20,0,0,A,1,0.105,15.0,0.125,15.0,2,1,19,25,73,80,6,13.33,5,15,10,15,6,16,19,87,13.33,5,0
0,,1928,65,81,0,T,2,38,H,F,2,1,B,6,,1104,370,49,18621,2,36,32,22,1,0,A,3,0.444,4.88,0.636,5.14,8,7,22,21,47,68,15,4.53,8,9,1,5,6,12,22,57,4.53,10,0
1,50,1959,17,39,0,S,1,15,H,F,7,0,B,12,,2670,394,35,24896,1,16,39,18,0,0,F,1,0.25,35.0,0.4,37.5,3,2,15,14,41,105,3,35.0,25,50,25,30,9,24,15,29,35.0,2,0
0,,1962,29,37,0,T,1,34,H,F,7,1,B,2,,2354,355,52,38707,1,35,32,33,1,0,A,2,0.222,11.75,0.375,11.67,4,3,21,18,47,47,4,11.75,5,15,10,15,8,19,21,33,11.75,3,0
0,,1970,113,,0,T,2,40,U,F,6,0,B,0,,680,408,90,14304,0,27,32,21,1,0,A,2,0.273,6.17,0.364,6.75,6,4,17,31,74,80,16,5.0,8,10,2,10,6,15,17,102,5.0,11,0
0,,1973,77,52,0,U,2,7,H,F,5,1,B,1,6,3002,265,55,12323,0,17,0,58,1,0,A,4,0.3,6.33,0.2,5.5,6,2,19,28,79,132,13,10.15,20,25,5,11,7,24,10,68,10.15,5,0
0,,1975,17,61,0,R,2,46,H,M,4,1,B,2,,694,244,82,11060,1,38,29,43,0,0,N,3,0.308,12.0,0.333,13.0,4,2,15,13,42,48,4,12.0,6,16,10,12,8,23,15,29,12.0,2,0
0,,1979,17,63,0,C,2,29,H,M,3,0,P,0,,694,244,62,17285,0,69,4,89,0,0,N,3,0.2,8.33,0.25,7.5,3,2,16,15,38,36,5,7.2,5,10,5,6,5,13,15,45,7.2,3,0
0,,1985,125,51,0,T,1,35,H,M,5,1,B,3,7,1407,509,88,21052,0,31,41,14,1,11,A,1,0.105,10.5,0.222,10.5,2,2,24,35,95,341,34,10.03,11,15,4,11,7,16,24,125,10.03,21,0
0,,2018,89,80,0,U,1,1,H,F,7,0,B,5,9,5315,483,39,42350,0,18,19,42,1,0,A,2,0.238,8.6,0.2,10.5,5,2,16,33,83,118,16,7.38,9,12,3,7,11,23,16,86,7.38,7,0
1,7,2020,137,73,0,S,1,14,U,F,6,0,P,0,9,3556,735,94,34382,1,37,25,28,1,1,S,3,0.45,8.67,0.2,9.0,9,2,11,42,106,294,40,7.35,9,12,3,8,11,25,11,129,7.35,18,0
0,,2027,77,73,0,S,2,18,H,M,4,1,M,18,8,599,342,62,13232,0,32,41,9,1,1,S,1,0.364,36.25,0.182,32.5,8,2,16,34,90,492,16,30.75,35,50,15,40,11,28,16,75,30.75,4,0
0,,2058,29,,0,R,2,43,H,M,6,0,B,0,,605,218,67,11046,3,32,51,13,1,0,E,4,0.333,12.0,0.5,11.67,5,3,19,13,42,75,6,12.5,5,15,10,15,4,15,16,33,12.5,3,0
0,,2063,29,57,0,C,3,31,U,F,1,1,M,12,,543,222,48,10880,0,43,22,48,0,0,A,3,0.4,14.0,0.286,11.0,6,2,17,20,52,94,7,13.43,10,20,10,20,11,25,17,29,13.43,3,0
1,7,2081,113,,0,?,?, .,U,F,3,1,M,2,,871,381,77,16559,0,0,0,0,1,4,A,1,0.579,7.82,0.7,7.0,11,7,12,36,88,384,49,7.84,9,12,3,8,9,25,4,106,7.84,23,0
1,20,2085,65,52,0,C,2,27,H,M,4,1,B,5,8,852,426,87,14762,0,41,54,10,1,0,A,2,0.273,19.67,0.364,20.75,6,4,12,31,85,251,13,19.31,18,28,10,20,11,27,7,64,19.31,8,0
0,,2087,41,,0,T,2,39,U,M,5,0,P,0,,649,290,62,13872,34,29,36,26,1,0,A,4,0.5,6.44,0.444,5.5,9,4,15,23,62,94,15,6.27,6,9,3,5,11,26,15,40,6.27,5,0
0,,2113,65,57,0,S,1,14,U,F,7,1,P,0,3,828,318,61,14887,3,37,52,18,1,1,S,2,0.3,9.67,0.364,9.5,6,4,25,25,60,156,20,7.8,7,10,3,10,6,14,25,57,7.8,10,0
1,25,2151,113,47,0,C,3,31,H,M,5,0,P,0,,1126,243,27,8614,0,0,0,0,1,1,S,3,0.286,24.17,0.364,24.0,6,4,18,36,98,832,40,20.8,30,35,5,25,11,25,18,110,20.8,19,0
1,8,2153,137,73,0,S,2,18,H,M,2,0,B,0,7,839,363,73,15463,0,22,34,20,1,1,S,2,0.3,8.83,0.5,9.2,6,5,11,39,93,234,31,7.55,11,14,3,9,10,26,8,126,7.55,19,0
1,15,2154,137,77,0,R,2,46,H,M,2,1,B,1,2,655,258,89,13780,0,43,12,53,1,4,A,1,0.294,16.6,0.556,16.6,5,5,17,33,77,291,15,19.4,30,40,10,12,11,25,17,112,19.4,13,0
1,9,2159,113,78,1,R,2,49,H,F,3,1,B,0,1,198,193,76,8898,0,22,27,36,1,13,A,1,0.158,12.33,0.2,10.0,3,2,19,34,81,139,15,9.27,14,17,3,10,11,27,5,105,9.27,11,0
0,,2162,101,,0,T,2,36,U,U,2,1,M,2,6,463,253,64,12483,0,36,23,37,1,6,A,1,0.25,10.5,0.286,10.0,4,2,19,28,78,126,13,9.69,10,15,5,7,9,19,19,93,9.69,8,0
0,,2166,137,43,0,R,2,47,H,F,4,0,P,0,,475,241,78,12442,0,27,23,28,1,1,S,4,0.389,10.14,0.333,10.33,7,3,18,32,69,133,17,7.82,8,11,3,11,10,21,18,124,7.82,10,0
0,,2168,41,45,0,S,1,12,U,F,3,1,B,2,8,1566,538,85,20755,0,23,50,26,1,0,A,3,0.318,10.57,0.364,10.25,7,4,18,23,55,101,11,9.18,7,12,5,12,11,24,18,45,9.18,6,0
1,7,2170,101,67,0,T,2,38,H,F,3,0,P,0,5,923,299,85,15965,0,29,30,39,1,1,S,2,0.333,8.57,0.636,8.57,7,7,11,35,90,213,28,7.61,9,12,3,8,11,29,11,97,7.61,19,0
1,4,2194,65,37,0,?,?, .,H,M,7,1,B,0,7,1006,282,54,19466,0,0,0,0,1,1,S,4,0.368,4.43,0.6,4.5,7,6,12,25,59,61,15,4.07,3,6,3,4,9,21,12,63,4.07,10,0
1,14,2231,41,24,0,T,2,36,H,M,3,1,B,38,,564,217,64,12315,0,33,30,50,1,1,S,4,0.45,12.11,0.7,11.71,9,7,11,18,45,114,10,11.4,14,17,3,15,8,21,11,38,11.4,8,0
0,,2233,77,79,0,R,2,46,H,F,2,0,P,0,,572,224,79,9363,0,46,21,38,1,0,A,4,0.316,5.5,0.444,5.25,6,4,17,21,56,68,13,5.23,4,7,3,5,8,18,7,76,5.23,8,0
1,12,2235,77,65,0,C,2,29,H,M,6,1,B,0,6,878,285,91,16534,0,53,12,71,1,1,S,1,0.286,16.67,0.455,16.0,6,5,17,29,76,178,17,10.47,23,25,3,25,11,26,6,69,10.47,9,0
0,,2238,113,67,0,R,2,44,U,M,1,1,B,1,5,970,274,88,14747,0,35,33,39,1,1,S,2,0.263,12.8,0.364,14.25,5,4,15,35,86,144,16,9.0,12,15,3,7,11,24,15,110,9.0,12,0
0,,2242,29,,0,R,1,42,H,F,4,0,P,0,,863,373,80,13693,8,37,46,19,0,0,N,2,0.182,12.5,0.4,12.5,2,2,20,15,40,55,3,18.33,20,30,10,10,11,23,20,24,18.33,3,0
0,,2244,77,53,0,S,2,17,H,F,5,1,B,10,2,843,290,48,11988,0,34,34,18,1,7,A,1,0.176,18.33,0.375,18.33,3,3,21,25,70,160,9,17.78,15,25,10,20,11,27,6,75,17.78,7,0
1,12.5,2262,137,57,0,U,1,2,H,F,5,0,B,2,6,1778,411,65,18236,0,27,28,27,1,1,S,2,0.35,7.86,0.545,7.67,7,6,12,37,96,235,36,6.53,8,11,3,3,9,23,12,126,6.53,20,0
0,,2289,89,59,0,T,2,39,H,F,3,1,B,2,3,507,260,75,12533,0,22,29,30,1,1,S,4,0.579,6.73,0.7,7.0,11,7,11,28,72,134,20,6.7,8,11,3,3,8,21,11,89,6.7,11,0
0,,2291,65,,0,T,3,41,U,M,3,0,B,0,3,447,209,72,10378,0,20,25,18,1,1,S,4,0.476,4.4,0.636,4.29,10,7,11,23,64,117,28,4.18,6,8,2,2,7,14,11,65,4.18,11,0
0,,2298,89,,0,C,3,33,H,F,2,1,B,6,4,589,256,93,15455,0,53,0,89,0,0,A,1,0.105,10.0,0.25,10.0,2,2,21,26,66,92,10,9.2,10,15,5,5,8,16,21,86,9.2,6,0
1,6,2320,89,16,0,S,2,20,H,F,1,1,B,13,7,634,336,70,14507,0,32,3,58,1,1,S,3,0.381,4.63,0.545,4.5,8,6,16,31,81,119,31,3.84,9,10,1,3,10,22,16,88,3.84,17,0
0,,2334,89,51,0,T,2,39,H,F,3,1,B,1,8,591,280,62,11294,0,39,38,17,1,0,A,4,0.318,11.0,0.455,10.4,7,5,12,32,83,198,17,11.65,11,16,5,10,11,27,9,87,11.65,9,0
0,,2339,137,37,0,C,2,27,U,U,1,0,P,0,7,976,479,65,15723,0,30,70,4,1,1,S,3,0.4,5.0,0.455,4.6,8,5,15,36,86,103,26,3.96,8,10,2,5,10,20,15,127,3.96,17,0
0,,2340,41,84,0,C,2,26,U,F,2,1,M,0,,75,224,8,18798,0,29,34,32,0,0,A,1,0.105,13.0,0.2,13.0,2,2,21,21,49,71,5,14.2,6,16,10,16,11,22,21,41,14.2,4,0
1,9,2365,53,43,0,T,1,35,U,M,5,1,M,5,9,1408,611,93,21203,0,32,28,22,1,0,A,4,0.5,5.0,0.778,5.57,9,7,12,23,60,64,14,4.57,8,10,2,4,11,26,12,53,4.57,8,0
1,10,2379,65,49,0,T,1,35,H,M,7,1,B,2,9,1596,549,92,23345,0,24,34,20,1,0,A,1,0.105,15.0,0.111,10.0,2,1,18,26,66,87,8,10.88,15,20,5,12,11,23,8,63,10.88,6,0
0,,2384,89,47,0,T,2,39,H,M,2,1,P,0,,929,327,81,12995,3,38,31,7,1,0,A,3,0.455,14.2,0.5,17.5,5,2,12,20,56,82,8,10.25,17,20,3,15,11,30,12,79,10.25,5,0
1,10,2408,113,34,0,?,?, .,H,F,7,0,M,1,,4500,230,14,16425,0,0,0,0,1,1,S,4,0.333,8.0,0.364,7.5,7,4,18,29,74,146,16,9.13,17,20,3,11,7,17,18,105,9.13,12,0
1,25,2415,17,42,0,S,1,13,H,F,6,0,B,0,,5501,817,95,41734,0,22,12,52,0,0,F,1,0.4,17.5,0.5,10.0,2,1,16,12,27,35,2,17.5,15,25,10,25,10,22,16,20,17.5,1,0
0,,2425,125,69,0,S,1,12,H,M,6,1,B,27,6,1308,441,59,15878,0,30,35,31,1,13,A,1,0.235,20.0,0.0,0.0,4,0,19,25,70,245,23,10.65,20,25,5,25,9,21,19,123,10.65,10,0
0,,2431,101,83,0,R,3,53,H,M,7,0,P,0,0,335,170,77,8650,0,34,28,37,1,0,A,2,0.19,14.75,0.2,7.5,4,2,8,29,72,165,11,15.0,19,24,5,5,10,22,8,89,15.0,8,0
0,,2444,137,82,0,R,2,46,U,M,2,0,M,21,0,744,175,68,10171,0,36,15,37,1,0,A,1,0.182,17.5,0.25,25.0,2,1,16,35,85,136,13,10.46,20,25,5,25,10,27,16,128,10.46,9,0
0,,2451,17,81,0,C,2,29,H,F,5,1,P,0,,2298,374,90,31281,0,50,0,89,1,0,F,1,0.4,17.5,1.0,17.5,2,2,17,11,28,70,3,23.33,20,35,15,35,9,22,9,20,23.33,3,0
1,7,2464,77,56,0,?,?, .,H,M,4,0,B,0,2,481,195,72,11476,0,0,0,0,1,1,S,4,0.579,8.18,0.545,8.0,11,6,13,29,75,266,34,7.82,6,11,5,8,11,25,6,77,7.82,14,0
0,,2466,77,78,0,U,1,3,U,M,2,0,M,2,,3240,406,46,21725,0,25,8,33,1,0,A,1,0.421,7.5,0.333,6.67,8,3,12,26,65,96,14,6.86,12,15,3,8,11,28,5,67,6.86,6,0
1,3,2490,137,68,0,T,2,39,U,M,1,0,P,0,,620,323,75,11492,1,30,55,10,1,1,S,4,0.524,4.18,0.545,4.33,11,6,17,31,74,104,31,3.36,5,5,0,3,7,16,7,128,3.36,14,0
0,,2492,77,73,0,S,1,12,H,F,7,0,B,0,,2216,574,88,18866,8,43,66,15,1,0,N,2,0.3,12.0,0.4,13.5,6,4,20,30,78,119,13,9.15,13,18,5,10,12,27,6,76,9.15,6,0
1,5,2499,137,,1,T,2,38,H,F,5,1,M,3,3,818,302,55,15112,0,26,53,20,1,0,A,3,0.25,6.8,0.0,0.0,5,0,18,32,72,79,14,5.64,5,10,5,5,11,24,4,126,5.64,4,0
0,,2501,17,63,0,C,2,25,H,F,5,0,P,0,,508,239,30,14236,2,28,29,42,0,0,F,1,0.6,13.67,1.0,12.5,3,2,15,10,26,41,3,13.67,6,16,10,16,9,23,15,20,13.67,2,0
0,,2503,17,79,0,C,1,24,H,M,3,1,B,4,,2811,524,88,23861,1,44,13,39,1,0,N,1,0.6,13.33,0.5,15.0,3,1,13,8,23,55,4,13.75,5,15,10,15,7,19,9,20,13.75,3,0
0,,2510,17,68,0,U,2,7,H,M,6,1,B,20,,959,292,35,11096,0,11,12,27,0,0,F,1,0.6,16.67,0.5,18.0,3,1,13,10,27,50,3,16.67,3,18,15,17,8,22,13,20,16.67,2,0
1,25,2512,17,71,0,?,?, .,H,M,5,0,P,0,,1250,319,41,25660,0,0,0,0,0,0,F,1,0.4,25.0,0.5,25.0,2,1,16,11,28,50,2,25.0,0,25,25,25,10,24,16,20,25.0,1,0
1,10,2519,29,,0,S,2,18,H,M,4,0,P,0,,720,328,63,12646,4,30,49,9,0,0,A,4,0.389,9.29,0.556,11.0,7,5,11,18,48,85,9,9.44,10,15,5,10,11,26,6,33,9.44,5,0
0,,2525,17,41,0,S,1,14,H,F,7,1,B,1,,1601,633,96,21881,0,23,61,20,1,0,F,1,0.8,10.5,0.5,9.0,4,1,12,10,29,49,5,9.8,17,20,3,7,9,25,8,20,9.8,1,0
0,,2544,41,67,0,T,1,35,H,M,4,1,B,0,4,2486,425,76,17060,0,22,38,32,0,0,A,2,0.286,26.5,0.2,29.5,6,2,13,21,54,189,8,23.63,35,40,5,25,11,26,13,44,23.63,4,0
0,,2561,89,44,0,T,1,34,U,M,7,0,B,0,2,1144,408,82,18291,5,44,30,30,1,0,A,1,0.105,12.5,0.111,10.0,2,1,18,28,69,116,11,10.55,10,15,5,15,11,25,18,86,10.55,6,0
0,,2567,17,56,0,S,1,15,U,F,7,1,M,20,,1125,278,1,32761,0,36,30,39,1,0,F,1,0.6,17.67,1.0,21.5,3,2,12,11,29,71,4,17.75,13,23,10,18,10,24,11,20,17.75,3,0
1,5,2583,77,75,0,S,1,12,H,F,5,1,B,2,,1085,489,84,20850,0,32,26,24,1,0,A,4,0.45,4.78,0.556,4.6,9,5,14,25,62,76,16,4.75,2,5,3,5,10,24,14,75,4.75,8,0
1,20,2586,19,55,0,S,1,15,H,M,5,1,B,240,,916,338,35,19463,0,19,36,18,0,0,F,1,0.25,20.0,0.5,20.0,1,1,18,10,26,60,3,20.0,10,25,15,25,9,24,6,19,20.0,2,0
0,,2593,29,55,0,T,1,35,H,F,7,1,B,2,,654,406,86,15470,0,39,45,24,0,0,N,1,0.2,11.5,0.5,11.5,2,2,19,6,16,23,2,11.5,17,20,3,3,3,7,19,24,11.5,2,0
1,28,2596,29,,0,?,?, .,H,M,5,1,B,0,,505,205,65,9545,0,0,0,0,0,0,N,1,0.571,18.88,0.667,15.0,4,2,6,10,30,111,6,18.42,15,25,10,21,8,22,6,23,18.42,4,0
0,,2599,17,72,0,C,1,24,U,F,5,1,M,26,,886,521,95,17926,0,41,13,32,1,0,F,1,0.4,12.5,1.0,12.5,2,2,15,10,25,41,3,13.67,6,16,10,16,9,21,8,19,13.67,2,0
0,,2609,101,66,0,T,2,36,H,M,4,0,P,0,5,600,257,75,12433,0,32,21,43,1,4,A,1,0.133,8.5,0.333,8.5,2,2,18,26,73,165,20,8.25,7,12,5,5,9,21,18,90,8.25,10,0
0,,2615,113,,0,S,1,11,H,F,5,0,P,0,8,905,474,72,19298,0,25,16,36,0,0,A,1,0.136,23.33,0.091,25.0,3,1,18,29,68,167,8,20.88,15,25,10,25,10,25,6,105,20.88,4,0
0,,2623,17,69,0,U,4,10,H,F,1,1,B,10,,394,182,44,11277,0,21,72,0,1,0,N,2,0.333,28.33,0.4,30.0,3,2,6,14,35,110,4,27.5,10,35,25,35,11,26,6,21,27.5,2,0
0,,2628,17,87,0,S,1,14,U,F,5,1,P,0,,4474,514,76,25219,0,13,99,0,0,0,N,2,0.5,11.67,0.667,10.0,3,2,16,12,26,35,3,11.67,10,15,5,15,11,22,16,18,11.67,2,0
